"","date","type","planned_or_outtrun","budget_type","cash_values","real_values","deflator_index"
"1",2021,"fyear","outtrun","dhsc_tdel",227122,274801.523122152,1.20992912673432
"2",2021,"fyear","outtrun","cdel",11059,13380.6062125548,1.20992912673432
"3",2021,"fyear","outtrun","dhsc_rdel",178155,215554.923573353,1.20992912673432
"4",2021,"fyear","outtrun","nhse_rdel",152317,184292.774796791,1.20992912673432
"5",2021,"fyear","outtrun","pensions",2851,3449.50794031954,1.20992912673432
"6",2021,"fyear","outtrun","nics",0,0,1.20992912673432
"7",2021,"fyear","outtrun","adjustments",0,0,1.20992912673432
"8",2021,"fyear","outtrun","other_rdel",25838,31262.1487765613,1.20992912673432
"9",2021,"fyear","outtrun","dhsc_rdel_less_pensions",175304,212105.415633033,1.20992912673432
"10",2021,"fyear","outtrun","nhse_rdel_less_pensions",149466,180843.266856472,1.20992912673432
"11",2021,"fyear","outtrun","dhsc_tdel_less_pensions",224271,271352.015181833,1.20992912673432
"12",2022,"fyear","outtrun","dhsc_tdel",206382,233416.648811756,1.13099324946825
"13",2022,"fyear","outtrun","cdel",11159,12620.7536708162,1.13099324946825
"14",2022,"fyear","outtrun","dhsc_rdel",172283,194850.909998138,1.13099324946825
"15",2022,"fyear","outtrun","nhse_rdel",160939,182020.922576171,1.13099324946825
"16",2022,"fyear","outtrun","pensions",2851,3224.46175423398,1.13099324946825
"17",2022,"fyear","outtrun","nics",0,0,1.13099324946825
"18",2022,"fyear","outtrun","adjustments",0,0,1.13099324946825
"19",2022,"fyear","outtrun","other_rdel",11344,12829.9874219678,1.13099324946825
"20",2022,"fyear","outtrun","dhsc_rdel_less_pensions",169432,191626.448243904,1.13099324946825
"21",2022,"fyear","outtrun","nhse_rdel_less_pensions",158088,178796.460821937,1.13099324946825
"22",2022,"fyear","outtrun","dhsc_tdel_less_pensions",203531,230192.187057522,1.13099324946825
"23",2023,"fyear","outtrun","dhsc_tdel",203041,218084.960941701,1.07409321733887
"24",2023,"fyear","outtrun","cdel",11324,12163.0315931453,1.07409321733887
"25",2023,"fyear","outtrun","dhsc_rdel",178095,191290.631541966,1.07409321733887
"26",2023,"fyear","outtrun","nhse_rdel",170999,183668.866071729,1.07409321733887
"27",2023,"fyear","outtrun","pensions",2851,3062.23976263311,1.07409321733887
"28",2023,"fyear","outtrun","nics",0,0,1.07409321733887
"29",2023,"fyear","outtrun","adjustments",0,0,1.07409321733887
"30",2023,"fyear","outtrun","other_rdel",7096,7621.76547023661,1.07409321733887
"31",2023,"fyear","outtrun","dhsc_rdel_less_pensions",175244,188228.391779333,1.07409321733887
"32",2023,"fyear","outtrun","nhse_rdel_less_pensions",168148,180606.626309096,1.07409321733887
"33",2023,"fyear","outtrun","dhsc_tdel_less_pensions",200190,215022.721179068,1.07409321733887
"34",2020,"fyear","outtrun","dhsc_tdel",190610,231205.509211682,1.21297680715431
"35",2020,"fyear","outtrun","cdel",12704,15409.6573580883,1.21297680715431
"36",2020,"fyear","outtrun","dhsc_rdel",177906,215795.851853594,1.21297680715431
"37",2020,"fyear","outtrun","nhse_rdel",146018,177116.447427057,1.21297680715431
"38",2020,"fyear","outtrun","pensions",2851,3458.19687719692,1.21297680715431
"39",2020,"fyear","outtrun","nics",0,0,1.21297680715431
"40",2020,"fyear","outtrun","adjustments",0,0,1.21297680715431
"41",2020,"fyear","outtrun","other_rdel",31888,38679.4044265365,1.21297680715431
"42",2020,"fyear","outtrun","dhsc_rdel_less_pensions",175055,212337.654976397,1.21297680715431
"43",2020,"fyear","outtrun","nhse_rdel_less_pensions",143167,173658.25054986,1.21297680715431
"44",2020,"fyear","outtrun","dhsc_tdel_less_pensions",187759,227747.312334485,1.21297680715431
"45",2019,"fyear","outtrun","dhsc_tdel",138456,176697.17749322,1.27619732978867
"46",2019,"fyear","outtrun","cdel",7015,8952.52426846754,1.27619732978867
"47",2019,"fyear","outtrun","dhsc_rdel",131440,167743.377027423,1.27619732978867
"48",2019,"fyear","outtrun","nhse_rdel",126442,161364.942773139,1.27619732978867
"49",2019,"fyear","outtrun","pensions",2851,3638.43858722751,1.27619732978867
"50",2019,"fyear","outtrun","nics",0,0,1.27619732978867
"51",2019,"fyear","outtrun","adjustments",0,0,1.27619732978867
"52",2019,"fyear","outtrun","other_rdel",4998,6378.43425428379,1.27619732978867
"53",2019,"fyear","outtrun","dhsc_rdel_less_pensions",128589,164104.938440196,1.27619732978867
"54",2019,"fyear","outtrun","nhse_rdel_less_pensions",123591,157726.504185912,1.27619732978867
"55",2019,"fyear","outtrun","dhsc_tdel_less_pensions",135605,173058.738905993,1.27619732978867
"56",2018,"fyear","outtrun","dhsc_tdel",128396,168268.495760337,1.31054313031821
"57",2018,"fyear","outtrun","cdel",5941,7785.93673722051,1.31054313031821
"58",2018,"fyear","outtrun","dhsc_rdel",122455,160482.559023117,1.31054313031821
"59",2018,"fyear","outtrun","nhse_rdel",112427,147340.432512286,1.31054313031821
"60",2018,"fyear","outtrun","pensions",0,0,1.31054313031821
"61",2018,"fyear","outtrun","nics",0,0,1.31054313031821
"62",2018,"fyear","outtrun","adjustments",0,0,1.31054313031821
"63",2018,"fyear","outtrun","other_rdel",10028,13142.126510831,1.31054313031821
"64",2018,"fyear","outtrun","dhsc_rdel_less_pensions",122455,160482.559023117,1.31054313031821
"65",2018,"fyear","outtrun","nhse_rdel_less_pensions",112427,147340.432512286,1.31054313031821
"66",2018,"fyear","outtrun","dhsc_tdel_less_pensions",128396,168268.495760337,1.31054313031821
"67",2017,"fyear","outtrun","dhsc_tdel",125156,167672.910420982,1.33971132363596
"68",2017,"fyear","outtrun","cdel",5238,7017.40791320516,1.33971132363596
"69",2017,"fyear","outtrun","dhsc_rdel",119918,160655.502507777,1.33971132363596
"70",2017,"fyear","outtrun","nhse_rdel",109605,146839.059627119,1.33971132363596
"71",2017,"fyear","outtrun","pensions",0,0,1.33971132363596
"72",2017,"fyear","outtrun","nics",0,0,1.33971132363596
"73",2017,"fyear","outtrun","adjustments",0,0,1.33971132363596
"74",2017,"fyear","outtrun","other_rdel",10313,13816.4428806577,1.33971132363596
"75",2017,"fyear","outtrun","dhsc_rdel_less_pensions",119918,160655.502507777,1.33971132363596
"76",2017,"fyear","outtrun","nhse_rdel_less_pensions",109605,146839.059627119,1.33971132363596
"77",2017,"fyear","outtrun","dhsc_tdel_less_pensions",125156,167672.910420982,1.33971132363596
"78",2016,"fyear","outtrun","dhsc_tdel",120584,163672.71282698,1.35733358345203
"79",2016,"fyear","outtrun","cdel",4556,6184.01180620745,1.35733358345203
"80",2016,"fyear","outtrun","dhsc_rdel",116028,157488.701020772,1.35733358345203
"81",2016,"fyear","outtrun","nhse_rdel",105735,143517.6664463,1.35733358345203
"82",2016,"fyear","outtrun","pensions",0,0,1.35733358345203
"83",2016,"fyear","outtrun","nics",0,0,1.35733358345203
"84",2016,"fyear","outtrun","adjustments",0,0,1.35733358345203
"85",2016,"fyear","outtrun","other_rdel",10293,13971.0345744717,1.35733358345203
"86",2016,"fyear","outtrun","dhsc_rdel_less_pensions",116028,157488.701020772,1.35733358345203
"87",2016,"fyear","outtrun","nhse_rdel_less_pensions",105735,143517.6664463,1.35733358345203
"88",2016,"fyear","outtrun","dhsc_tdel_less_pensions",120584,163672.71282698,1.35733358345203
"89",2015,"fyear","outtrun","dhsc_tdel",117245,162291.874526325,1.38421147619365
"90",2015,"fyear","outtrun","cdel",4652,6439.35178725288,1.38421147619365
"91",2015,"fyear","outtrun","dhsc_rdel",112592,155851.138527596,1.38421147619365
"92",2015,"fyear","outtrun","nhse_rdel",100572,139212.916583748,1.38421147619365
"93",2015,"fyear","outtrun","pensions",0,0,1.38421147619365
"94",2015,"fyear","outtrun","nics",0,0,1.38421147619365
"95",2015,"fyear","outtrun","adjustments",0,0,1.38421147619365
"96",2015,"fyear","outtrun","other_rdel",12020,16638.2219438477,1.38421147619365
"97",2015,"fyear","outtrun","dhsc_rdel_less_pensions",112592,155851.138527596,1.38421147619365
"98",2015,"fyear","outtrun","nhse_rdel_less_pensions",100572,139212.916583748,1.38421147619365
"99",2015,"fyear","outtrun","dhsc_tdel_less_pensions",117245,162291.874526325,1.38421147619365
"100",2014,"fyear","outtrun","dhsc_tdel",113345,157952.858915521,1.39355824178853
"101",2014,"fyear","outtrun","cdel",4971,6927.37801993079,1.39355824178853
"102",2014,"fyear","outtrun","dhsc_rdel",108373,151024.087337348,1.39355824178853
"103",2014,"fyear","outtrun","nhse_rdel",97098,135311.718161183,1.39355824178853
"104",2014,"fyear","outtrun","pensions",0,0,1.39355824178853
"105",2014,"fyear","outtrun","nics",0,0,1.39355824178853
"106",2014,"fyear","outtrun","adjustments",0,0,1.39355824178853
"107",2014,"fyear","outtrun","other_rdel",11275,15712.3691761657,1.39355824178853
"108",2014,"fyear","outtrun","dhsc_rdel_less_pensions",108373,151024.087337348,1.39355824178853
"109",2014,"fyear","outtrun","nhse_rdel_less_pensions",97098,135311.718161183,1.39355824178853
"110",2014,"fyear","outtrun","dhsc_tdel_less_pensions",113345,157952.858915521,1.39355824178853
"111",2013,"fyear","outtrun","dhsc_tdel",109775,155173.232921124,1.41355712066612
"112",2013,"fyear","outtrun","cdel",5367,7586.56106661508,1.41355712066612
"113",2013,"fyear","outtrun","dhsc_rdel",104408,147586.671854509,1.41355712066612
"114",2013,"fyear","outtrun","nhse_rdel",93696,132444.647977933,1.41355712066612
"115",2013,"fyear","outtrun","pensions",0,0,1.41355712066612
"116",2013,"fyear","outtrun","nics",0,0,1.41355712066612
"117",2013,"fyear","outtrun","adjustments",0,0,1.41355712066612
"118",2013,"fyear","outtrun","other_rdel",10712,15142.0238765755,1.41355712066612
"119",2013,"fyear","outtrun","dhsc_rdel_less_pensions",104408,147586.671854509,1.41355712066612
"120",2013,"fyear","outtrun","nhse_rdel_less_pensions",93696,132444.647977933,1.41355712066612
"121",2013,"fyear","outtrun","dhsc_tdel_less_pensions",109775,155173.232921124,1.41355712066612
"122",2024,"fyear","planned","dhsc_tdel",204800,211433.12620912,1.03238831156797
"123",2024,"fyear","planned","cdel",11600,11975.7044141884,1.03238831156797
"124",2024,"fyear","planned","dhsc_rdel",193200,199457.421794932,1.03238831156797
"125",2024,"fyear","planned","nhse_rdel",186800,192850.136600897,1.03238831156797
"126",2024,"fyear","planned","pensions",2851,2943.33907628028,1.03238831156797
"127",2024,"fyear","planned","nics",0,0,1.03238831156797
"128",2024,"fyear","planned","adjustments",0,0,1.03238831156797
"129",2024,"fyear","planned","other_rdel",6400,6607.285194035,1.03238831156797
"130",2024,"fyear","planned","dhsc_rdel_less_pensions",190349,196514.082718651,1.03238831156797
"131",2024,"fyear","planned","nhse_rdel_less_pensions",183949,189906.797524616,1.03238831156797
"132",2024,"fyear","planned","dhsc_tdel_less_pensions",201949,208489.78713284,1.03238831156797
"133",2025,"fyear","planned","dhsc_tdel",217000,217000,1
"134",2025,"fyear","planned","cdel",13600,13600,1
"135",2025,"fyear","planned","dhsc_rdel",203400,203400,1
"136",2025,"fyear","planned","nhse_rdel",195600,195600,1
"137",2025,"fyear","planned","pensions",4816,4816,1
"138",2025,"fyear","planned","nics",1427,1427,1
"139",2025,"fyear","planned","adjustments",-210,-210,1
"140",2025,"fyear","planned","other_rdel",7800,7800,1
"141",2025,"fyear","planned","dhsc_rdel_less_pensions",197367,197367,1
"142",2025,"fyear","planned","nhse_rdel_less_pensions",189567,189567,1
"143",2025,"fyear","planned","dhsc_tdel_less_pensions",210967,210967,1
"144",2026,"fyear","planned","dhsc_tdel",225400,220967.953123478,0.980336970379228
"145",2026,"fyear","planned","cdel",14000,13724.7175853092,0.980336970379228
"146",2026,"fyear","planned","dhsc_rdel",211400,207243.235538169,0.980336970379228
"147",2026,"fyear","planned","nhse_rdel",204900,200871.045230704,0.980336970379228
"148",2026,"fyear","planned","pensions",4816,4721.30284934636,0.980336970379228
"149",2026,"fyear","planned","nics",1427,1398.94085673116,0.980336970379228
"150",2026,"fyear","planned","adjustments",-1210,-1186.20773415887,0.980336970379228
"151",2026,"fyear","planned","other_rdel",6500,6372.19030746498,0.980336970379228
"152",2026,"fyear","planned","dhsc_rdel_less_pensions",206367,202309.19956625,0.980336970379228
"153",2026,"fyear","planned","nhse_rdel_less_pensions",199867,195937.009258785,0.980336970379228
"154",2026,"fyear","planned","dhsc_tdel_less_pensions",220367,216033.917151559,0.980336970379228
"155",2027,"fyear","planned","dhsc_tdel",235100,226086.663357637,0.961661690164341
"156",2027,"fyear","planned","cdel",13800,13270.9313242679,0.961661690164341
"157",2027,"fyear","planned","dhsc_rdel",221300,212815.732033369,0.961661690164341
"158",2027,"fyear","planned","nhse_rdel",215400,207141.928061399,0.961661690164341
"159",2027,"fyear","planned","pensions",4816,4631.36269983147,0.961661690164341
"160",2027,"fyear","planned","nics",1427,1372.29123186451,0.961661690164341
"161",2027,"fyear","planned","adjustments",-1610,-1548.27532116459,0.961661690164341
"162",2027,"fyear","planned","other_rdel",5900,5673.80397196961,0.961661690164341
"163",2027,"fyear","planned","dhsc_rdel_less_pensions",216667,208360.353422837,0.961661690164341
"164",2027,"fyear","planned","nhse_rdel_less_pensions",210767,202686.549450868,0.961661690164341
"165",2027,"fyear","planned","dhsc_tdel_less_pensions",230467,221631.284747105,0.961661690164341
"166",2028,"fyear","planned","dhsc_tdel",246000,232236.825688446,0.944052136944903
"167",2028,"fyear","planned","cdel",14800,13971.9716267846,0.944052136944903
"168",2028,"fyear","planned","dhsc_rdel",231200,218264.854061662,0.944052136944903
"169",2028,"fyear","planned","nhse_rdel",226100,213450.188163243,0.944052136944903
"170",2028,"fyear","planned","pensions",4816,4546.55509152665,0.944052136944903
"171",2028,"fyear","planned","nics",1427,1347.16239942038,0.944052136944903
"172",2028,"fyear","planned","adjustments",-1610,-1519.92394048129,0.944052136944903
"173",2028,"fyear","planned","other_rdel",5100,4814.665898419,0.944052136944903
"174",2028,"fyear","planned","dhsc_rdel_less_pensions",226567,213891.060511196,0.944052136944903
"175",2028,"fyear","planned","nhse_rdel_less_pensions",221467,209076.394612777,0.944052136944903
"176",2028,"fyear","planned","dhsc_tdel_less_pensions",241367,227863.03213798,0.944052136944903
